{"cameraMode":{"drawMode":0,"name":"Shaded","section":"Shading Mode"},"sceneLighting":true,"audioPlay":false,"sceneViewState":{"m_AlwaysRefresh":false,"showFog":true,"showSkybox":true,"showFlares":true,"showImageEffects":true,"showParticleSystems":true,"showVisualEffectGraphs":true,"m_FxEnabled":true},"in2DMode":false,"pivot":{"x":-298.2774658203125,"y":-56.25590515136719,"z":-218.15818786621095},"rotation":{"x":0.035126954317092898,"y":-0.876895546913147,"z":0.06484166532754898,"w":0.47504428029060366},"size":195.82925415039063,"orthographic":false}